title0,title1
Non amet dolorem velit.,Ipsum sit modi quiquia.
Etincidunt porro dolore magnam.,Amet quaerat ut modi eius sit neque.
Porro magnam numquam ut tempora adipisci sit.,Velit est etincidunt amet quaerat.
Velit est sit sed numquam quaerat labore.,Adipisci tempora est quiquia eius adipisci.
Etincidunt numquam voluptatem quiquia eius numquam adipisci non.,Est velit quaerat neque est ipsum.
Labore ut voluptatem non quisquam.,Amet modi sed est labore etincidunt velit.
Eius numquam dolore modi aliquam velit neque.,Modi dolorem tempora non voluptatem.
Quaerat non etincidunt dolore magnam quaerat porro.,Magnam dolor tempora quaerat sed quiquia porro neque.
Aliquam consectetur numquam porro sed consectetur dolorem.,Dolorem voluptatem sit etincidunt ipsum dolorem sed.
